id,name,domain,kovrr_sic,country_code
3651,All State Management,,87,US_RI
2514,Thomas J Hill,,73,US_WV
5258,Stake Terry L MD,,80,US_WV
4625,Allison Enterprises LLC,,87,US_WY
4210,Elaine M Hewson,,73,US_SD
9559,Royal Guard Defense,,73,US_WY
8646,Janice Martinz Consulting,,87,US_ME
1975,Lady Lavender Beauty Spot,,72,US_ME
7702,Vincent S Stephenson,,73,US_DE
9609,Natural Attractions Magnetic Imaging,,73,US_WV
6245,Jensen Investigations,,73,US_SD
3175,Blue Mountain Equipment,,76,US_VT
8082,Terry Law Office,,81,US_ND
8714,Anthony Hoskins,,76,US_DE
5412,M Khan Md,,80,US_WV
6583,Yollie Does It All,,73,US_DC
9776,Li Annie S MD,,80,US_ME
8096,2 Daughters Photography,,72,US_WV
969,Rhoades Martha MD,,80,US_MT
5235,Patel Sanjiv M MD,,80,US_NH
5654,Carpet Cops,,72,US_HI
3376,Anderson Laboratories Inc,,73,US_VT
9320,Cafe Kaya LLC,,73,US_HI
3024,Logan St First Baptist Church,,86,US_WV
6704,Leslie C Kelley,,73,US_VT
8625,Michael Cackowski,,73,US_DE
1596,Copper City Lawn & Tree Service,,78,US_MT
377,Degussa International Inc,,73,US_DE
2989,Kawaski Corp,,73,US_NH
8926,Ing Life Insurance And Annuity Company,,87,US_ME
6710,Blinded American Veterans,,86,US_DC
1026,Capsey Creations,,73,US_VT
3231,Bireley & Kortvelesy Pa,,87,US_DE
5901,Scottish Rite Bodies,,86,US_WV
3552,Benefit Solutions,,87,US_ME
1051,S&R Marketing LLC,,87,US_ME
2735,Brockman & Brockman,,87,US_ME
7057,Evergreen Property Options Llp,,78,US_VT
6039,Tamarack Services Of Vt Inc,,75,US_VT
5994,Dma,,73,US_MT
7935,Zevnik Corp Inc,,73,US_DC
9307,Cblandcare,,73,US_NH
9077,One On One Singles Dance,,79,US_WV
8767,Lincoln Primary Care Center Inc,,80,US_WV
5366,Kringstad Drain Cl,,76,US_ND
9795,Michael N Desaulniers,,73,US_NH
9453,Dakota Adjusters & Appraisals,,64,US_ND
9671,Jumpshift LLC,,73,US_NH
361,Ben A Britton,,73,US_WY
5510,Zangeneh Fereydoun MD,,80,US_WV
5006,Broadband Television,,79,US_DC
5090,Salvation Praise Ministries,,86,US_WV
9159,Petty Rs Consulting,,87,US_DE
1062,Nafi Lincoln House,,87,US_RI
4557,A M P Group,,87,US_WV
9829,A Booth By Law,,81,US_ME
556,Tri-Bob Realty L L C,,65,US_NH
8458,Paul Payne Joseph,,73,US_WV
9799,Netart LLC,,73,US_NH
4489,Stoladi Property Group,,65,US_DC
4830,South Cheyenne Insurance,,64,US_WY
7684,Plum Point Oysters LLC,,73,US_RI
309,Scopelitis Garvin,,81,US_DC
7266,The Beachology Store In Old Orchard Beach Maine,,17,US_ME
4340,Cooper James L,,81,US_DC
5505,Steam Services Inc,,76,US_ND
2420,Guarino Robyn Law Office,,81,US_NH
393,Collingwood & Meredith,,87,US_VT
473,council of latino agencies,,80,US_DC
712,Frank David H,,87,US_ME
5700,Wheelock Timothy S,,81,US_NH
5884,Pham Hansel,,81,US_DC
904,H & J Greene Corp,,73,US_NH
96,Cary M Kanemoto Cpa,,87,US_HI
484,Timothy Prescott,,73,US_ND
8005,Marnie Butland Upholstery,,76,US_NH
7461,Lallo Jon D,,81,US_RI
6939,Hawaii Endodontics Inc,,80,US_HI
8188,Denis Ventriglia Attorney At L,,81,US_DC
4511,Moxi,,73,US_MT
3157,Kirstin R Cavanaugh,,73,US_ND
9858,Shawn's All Season Sports,,76,US_ME
3558,Clean Cut Cleaning Service,,73,US_MT
4737,Prairie Ag Sales & Service Inc,,76,US_MT
5687,Lend A Hand Therapeutic Riding,,79,US_RI
4389,Enoch Property Maintenance & Constuction Co Inc,,73,US_NH
3610,Brown Judy,,80,US_WY
7872,Kimberly I Dunn,,73,US_VT
9100,Daniel R Kensing,,73,US_SD
3666,Charles Adrienne E MD,,73,US_DC
9643,John J Miller Md,,80,US_NH
6092,Ultrasound Dj Jeo Vari,,79,US_DE
3130,Faye M Murayama Inc,,87,US_HI
5627,Carole Webber,,73,US_DE
6149,Swain Landscaping,,78,US_NH
4346,Tamela L Keeran Cpa,,87,US_WY
9232,Yasodha LLC,,73,US_NH
4524,Sh Group,,73,US_ME
423,Camakos Travel LLC,,47,US_WY
4689,Feel Good Fitness,,79,US_RI
3637,enola booking,,79,FR
4012,Beef Magazine,,75,US_MT
197,Peter Converse,,73,US_RI
3518,Online Consulting Inc,,87,US_NH
1089,Beecham Jackson B MD,,80,US_NH
4374,Allinson III Elihu E,,81,US_DE
9383,Royal Vaughn W,,81,US_DC
7,milano produzioni s.r.l.,,78,IT
8068,Brian M Landry,,73,US_ME
2496,N East Midwest Cngrssnl Coaltn,,86,US_DC
5370,Kids Korner,,73,US_SD
7954,Sisters of St Joseph,,86,US_WV
6354,Tim Gardner Consulting Inc,,73,US_HI
7940,American Heritage Tattoo,,72,US_MT
9896,Black Consulting Group Inc,,87,US_ME
7355,Ted Pennington,,73,US_WV
7525,Blackstone Valley Emer Food Sv,,86,US_RI
908,Military Vtrans Affirs Sd Department,,86,US_SD
1150,Fireside Creations,,73,US_WV
7755,Swan Seeley Real Estate,,65,US_MT
2239,Hart Public Policy,,87,US_ME
2801,Linwood Lindsay,,73,US_ME
2532,Scott Botner,,73,US_ND
356,Trista Enterprises Inc,,73,US_WV
922,Glorious Church-God in Christ,,86,US_DE
9517,Streams of Water,,72,US_NH
522,Bitterroot Fire Ecology Services,,87,US_MT
7037,Lisa M Ansley,,73,US_ND
3093,Eddie & Becky Zuniga,,73,US_SD
5375,Ehite Hair Stylist Tanning,,72,US_ND
8913,Atlas & Atlas,,81,US_NH
626,Christine D Harrington,,73,US_NH
9649,Infectious Disease Prof Services,,80,US_ME
3205,Pathak Sujan MD,,80,US_SD
7425,Mobile City Home Park,,65,US_MT
1662,Abc Bonding Agency,,73,US_WY
6459,Oooh Ahhh Baby Llamas,,73,US_VT
6742,Pro Realty,,65,US_ME
9024,Alberts Landscaping,,78,US_WV
2527,signous,,73,DK
5811,Clarkin Real Estate & Property,,65,US_RI
7704,Marsella Enterprises,,87,US_RI
9814,Lily Nail,,72,US_NH
9489,Island Surveys,,87,US_ME
4171,Airfares 4 Less,,47,US_HI
398,metta graf,,78,BR
6435,Rayburn Realty,,65,US_WV
4300,Hammers Furniture And Spa,,79,US_NH
384,J&M Landscaping,,78,US_RI
7250,Steven M Adami Pc,,87,US_MT
1742,Robert W Hewitt,,73,US_WV
3235,Mksf Inc,,73,US_SD
8251,Western Sky Marketing,,87,US_MT
2711,Yarn Barn,,79,US_ME
2506,Western Valley Enterprise,,73,US_SD
3704,Darcy O'clair,,73,US_ND
8702,Roy L Moore,,73,US_SD
670,Bernier Ron Oil Burner & Boiler,,73,US_NH
7763,Daniel D Dionne,,73,US_ME
6519,Styles Christina's Village Hai,,72,US_WY
7946,Walsh Dla Bristol me,,87,US_ME
280,Ken Block,,73,US_RI
6858,Mountain State Properties And Investments Inc,,65,US_WV
3181,Personality And Human Rel,,73,US_MT
8012,Winkler Charles P MD,,80,US_WV
5500,Hyndman Heights Homeowner,,86,US_WY
4654,Dba Kalispell LLC,,73,US_MT
4553,Kathleen Bailey,,73,US_VT
857,Schick Vadim,,81,US_DC
1832,Sir International Ltd,,73,US_RI
2939,M & R Custom Seed Cleaning,,72,US_ND
4861,Wilkinson Ronald L MD,,80,US_WV
4399,Enviroclean LLC,,76,US_WV
574,Robertus Farms LLC,,13,US_MT
2662,Way Of Christ,,86,US_DE
4034,Arthur Rooney,,73,US_MT
5484,Brenda Berntson,,73,US_ND
8792,Codys Welding,,76,US_MT
1163,Cliff's Natural Resources,,87,US_WV
3548,Bdix Inc,,73,US_VT
7774,Lloyd Leithead,,73,US_MT
5805,Joseph M Kahn,,87,US_RI
781,Hawaii Korean Fishermans Associates,,73,US_HI
1259,Consulting In Asset Protection,,87,US_HI
7941,Shelley R Swanson,,79,US_MT
4759,Hawley Angus Ranch,,75,US_MT
3432,Island Sash & Door LLC,,73,US_HI
6123,K's Cleaning,,76,US_MT
1241,Fairway Enterprises Inc,,87,US_HI
8435,Friedman Harvey Adj Attorney,,81,US_DC
6578,Pratt Ranch,,29,US_SD
9067,Conroy Real Estate Of Mt Inc,,65,US_MT
4226,Scatena Jerry W,,81,US_HI
5158,Kudelko Kenneth MD,,80,US_HI
3133,Smithers Studio,,73,US_MT
6006,Ncl Realty Corporation,,65,US_NH
6026,East Bay Law Collaborative,,81,US_RI
2792,Capital Campaign Investor Relations,,87,US_DC
5751,Chirosport Pc,,80,US_SD
6589,news time assam,,78,IN
166,Michael W Unger,,73,US_WV
6185,Steve & Rochelle Dokken,,73,US_SD
379,Internal Medicine & Geriatric,,80,US_WV
623,Lurline Mau Ltd,,73,US_HI
4748,Global Products,,73,US_DE
7968,K L Properties,,65,US_NH
4375,Appliance Experts Repair-Sale,,76,US_RI
8604,A G Jordan Appraisals,,73,US_SD
8357,Bray Hill Boat Works,,76,US_ME
7802,Charles G Pribbenow,,73,US_SD
5861,A P T Transportation Inc,,87,US_DE
4275,Michael P Pion,,73,US_NH
9846,West Phila Assembly For Christ,,86,US_DE
6598,Ken Voegele,,73,US_MT
9124,William Benoit,,24,US_VT
8310,Kerrie L Hook,,81,US_DC
1511,H P & P,,87,US_DC
1827,Douglas Manor,,65,US_RI
7052,Imaj Associates Inc,,73,US_RI
759,Tudor Risk Services Captive Management,,87,US_VT
3347,Stephens Law Office,,81,US_SD
3923,Zm-Machines,,76,US_WV
5524,Marketing Meighbors LLC,,87,US_MT
3233,Collections & Administrative,,73,US_DE
8351,George Grossi Attorney At Law,,81,US_RI
2758,doncaster metropolitan borough council,,80,ES
5409,Sos Headwear LLC,,73,US_MT
7565,Lifestyle Destinations Ma,,47,US_HI
5804,Computer Tech Services Inc,,73,US_MT
8248,Ltlx Inc,,73,US_NH
5464,Springvale Lock & Safe,,76,US_ME
3656,Woldt Racing Inc,,73,US_SD
4136,Barbara Litte Beauty Shop,,72,US_NH
1639,conseil régional de l'ordre des médecins du languedoc roussillon,,80,FR
5951,K2 Science LLC,,73,US_NH
3638,Sherwin Chris,,80,US_WY
6489,Sea Quest International,,73,US_HI
479,D & Sw Enterprises Inc,,87,US_RI
6720,M&M Water Service,,73,US_MT
9388,Schlepp's Construction Cleaning,,76,US_SD
5338,Gracepointe Church Inc,,86,US_WY
4191,Word Banks,,73,US_ND
1895,Structural Engineers Association Of Verm,,86,US_VT
1088,Horizon House-Delaware Inc,,80,US_DE
8233,Karst Kurt Reid,,81,US_DC
5226,Tri-City Taxidermy,,76,US_MT
9964,Picconatto Consulting Group LLC,,87,US_DC
9129,Reid Sheila,,80,US_VT
3599,Margaret Anthony Realty LLC,,65,US_RI
3170,Christian R Lyon,,73,US_VT
6306,Xsiv Inc,,73,US_WY
1167,Mariposa Consulting LLC,,87,US_DC
190,Infinite Lunacy LLC,,73,US_WY
3458,T A Ranch,,29,US_WY
4310,Peter Bethell Dr And Mrs,,80,US_WV
6786,A A Speedway Locksmith,,76,US_DC
8443,Ganeshaya Enterprises Inc,,73,US_RI
7109,Am Chiropractic P L L C,,80,US_MT
5525,Hines Ranch House,,29,US_MT
6445,The Entertainment Enhancement Society,,79,US_DC
7387,Adams Thomas E,,81,US_SD
2783,Hageman A Joe,,81,US_WY
2038,Cross Roads Car Cleaning Co,,76,US_NH
6344,Susan Alexander,,73,US_VT
1447,Alkinoos Vourlekis Md,,80,US_DC
3736,Pat Taylor Graphic Design,,73,US_DC
9195,Swimming Pool,,79,US_ND
5013,Edward J Mcandrew Attorney,,81,US_DC
241,One Damned Designer,,73,US_ME
2202,Ms Air LLC,,73,US_WV
3279,Lund Software LLC,,73,US_DE
8905,Arthur W Colbourn Md,,80,US_DE
6426,Allen Susan Au,,81,US_DC
8048,Greenwood Law Office Pllc,,81,US_NH
3865,Developtradelaw LLC,,81,US_DC
1921,Walmart One Hour Photo,,73,US_WV
6258,Suehiro Myles DPM,,80,US_HI
8002,Lazy J C Ranch L L C,,75,US_MT
8341,Lee Christopher MD,,80,US_DC
1570,Delima Annette M,,80,US_HI
7302,Mike Sentell,,21,US_SD
1700,Dreiling Rebekah MD,,80,US_WY
9052,Mainely Lawn And Landscape,,78,US_ME
2241,Biophysic Assay Lab Inc,,87,US_RI
9297,Costco Photo Center,,73,US_NH
581,steele county human services,,80,US_ND
1609,Anthony R Maxfield,,73,US_HI
7823,Boy Scout Troub 90 Foundation,,86,US_DC
4175,St Patrick's Church Rectory,,86,US_ND
4428,Battle Zone,,73,US_WV
3789,Gar Wal Lawn Service LLC,,78,US_NH
9135,approach,,73,NL
6273,Hyjek & Fix Inc,,87,US_DC
2465,Wagw Enterprises LLC,,73,US_NH
8077,Bright Robert W,,81,US_WV
5565,Apex Drug Testing,,86,US_WY
7770,Mario Fonseca Pest Control,,73,US_RI
6979,Light Waves Photo By Bob Bwdn,,72,US_DE
1625,Gaud Eugene Law Office Of,,81,US_ME
5841,Hull David N,,81,US_MT
125,St Mary's Catholic Church,,86,US_ME
118,William Carnright,,73,US_VT
1344,The Law Office Of William T Burdin,,81,US_NH
732,Funds Access Incorporated,,87,US_ND
4206,Mon Valley Surveying LLC,,87,US_WV
2404,Heimendinger Mark E,,81,US_DC
9275,Angels Calling,,73,US_NH
8616,Neptune Management Corporation,,87,US_WY
2629,Naples Consultants,,87,US_DE
7027,Benson Stephen,,80,US_ME
6031,Fern Cobble Landscaping,,78,US_VT
1291,Nicholas Strait,,73,US_ME
5728,Daniel & Julia Shay,,73,US_DE
9187,Kiwanis International Inc,,86,US_ND
3653,St Paul United Methodist Chr,,86,US_WV
2619,Jd's Inspection,,73,US_MT
9771,Broadspin Technology Partners,,87,US_RI
5220,Podhradsky Scott J,,81,US_SD
3881,Suncrest Studio LLC,,73,US_WV
6650,Madison Lake Development Association Inc,,86,US_SD
1518,Ballroom Dance,,79,US_MT
9876,Busefek Enterprise,,73,US_NH
1611,T & T Remolding,,87,US_WV
770,Flaherty Consulting LLC,,87,US_VT
5732,Tiverton Insurance Agency Inc,,64,US_RI
1454,Simpson's Pool Service,,73,US_ME
3286,Crow Timber Charolais,,75,US_SD
4592,Peter J Barnett,,73,US_ME
6672,Eidsness Funeral Chapel,,72,US_SD
7149,Larry A Poff,,73,US_ND
1184,Bridges Realty,,65,US_NH
958,Arktos Outfitters,,73,US_ME
3064,Cavanaugh Peg & Bill Cavanaugh,,73,US_DE
1745,Brandenberger William MD,,80,US_ME
8139,Body Canvas Studio,,72,US_SD
6102,Bvk Global Real Estate Lp,,65,US_DE
3841,Jmo Consulting,,87,US_WV
2964,Finstad Pauline K,,81,US_ND
8564,Marion Killian,,73,US_ME
1515,S S Salon,,72,US_ND
284,Central Hall,,79,US_ME
7333,Victor Hair Salon,,72,US_DC
9240,Cnv Service CO LLC,,87,US_ND
9948,Fieldson Consulting,,87,US_WV
7060,Knightmarez Pc Repair,,76,US_DE
3658,Stephanie Wenzl,,73,US_SD
3742,Ants Plus,,73,US_ME
4892,New Wine To the Nation,,86,US_HI
7621,Stages Family Resources,,73,US_WV
1707,Salon 34 LLC,,72,US_NH
3356,New Light Landscaping,,78,US_NH
1354,Jack Schelldorf Ranch,,29,US_WY
8399,Benjamins Distinctive Dry,,76,US_NH
5037,King Motor Sales,,50,US_NH
8302,K And C Tool Repair,,76,US_ME
8156,Peterson Julie A,,59,US_ME
5514,Ezell Shelly,,87,US_WY
9750,Dl Consultants Inc,,87,US_HI
2069,teacher housing authority of nsw,,65,AU
4656,Woo Christopher DDS,,80,US_HI
2195,Aerus Asb Enterprise,,73,US_ME
1630,Meyers Marketing LLC,,87,US_MT
8531,Garrison Michaels S,,81,US_WV
1050,Hill Services Church,,86,US_DC
348,Adams Notary,,73,US_ME
2808,The Pine House L L C,,73,US_MT
6422,Jackman Enterprises,,87,US_MT
742,Morissette Melinda M,,80,US_ME
9717,Cnn,,79,US_DC
606,Beazer East Inc,,80,US_NH
4468,Mrc Electronic Repairs,,76,US_ME
6325,The Village Doctor,,80,US_ME
2035,Flood,,73,US_RI
8275,Raspberry Patch,,73,US_NH
3184,Arnold L Beyer,,65,US_ND
6699,All Star Realtors,,65,US_WY
8161,Mccormick Law Firm,,81,US_WV
4,24 Hour Emergency Locksmith,,76,US_DC
991,South Dakota State University Foundation,,86,US_SD
187,Oiler Molli Morgan Maci,,73,US_WV
7835,Tricord Organizers LLC,,73,US_HI
5854,Erin Paquin,,13,US_VT
7221,Hovencamp Fitness Consulting,,72,US_VT
3310,Canine Cuts,,75,US_WV
6114,Tri State Investigations,,73,US_WV
5855,Brent Orsborn Orsborn,,73,US_WY
6997,All Seasons Finishing Touches,,73,US_MT
5712,Sullivan Margaret M,,80,US_NH
460,Alcedonia Boating LLC,,73,US_RI
2778,Palac Diane Marie MD,,80,US_NH
2694,White George C DDS,,80,US_WV
687,Spoon Maine,,73,US_ME
3602,Steven M Dartt,,73,US_VT
9994,Pkht Investment Co,,81,US_DE
1112,Trumpet Of God Ministries,,86,US_DC
5331,David B Moeller,,73,US_SD
9879,On the Books LLC,,59,US_MT
5341,Christopher Moos,,80,US_WV
9103,Yusi Elizabeth M,,81,US_DC
3302,Martella & Assoc,,81,US_DC
8400,Ben's Computing,,73,US_MT
7523,Earl Goodsell,,73,US_MT
2566,Parkways Travel Plaza,,47,US_WV
9089,Rule Realty Northwest National,,65,US_MT
1533,Forrest S Hutchins Foundation,,86,US_ME
8490,Gruneich Financial Service Inc,,87,US_SD
2218,Grace Mederano Inc,,80,US_HI
5009,Aceto James H CPA,,87,US_RI
1839,Tug Valley Mine Institute,,87,US_WV
3426,Thomas L Mcfalls & Associates,,87,US_DE
9742,Bill Sarette's Tire & Battery,,55,US_NH
5176,Welsh Realty,,65,US_VT
4518,William Figg,,73,US_SD
4915,Ldl Financial Inc,,87,US_DC
7541,sandy river health systems,,80,US_ME
1117,Ivey Smith & Ramirez,,81,US_DC
6091,Valley Disposal of Fargo,,49,US_ND
419,Dave's A/C Service,,76,US_HI
4544,rogers activity center,,80,US_RI
6082,Gordon Lisa,,80,US_ME
9450,Brooks Roy,,86,US_WV
8445,Ernest L Fazenbaker,,73,US_WV
2150,Channels Of Health,,80,US_ND
6491,T&S Professional Window Cleaning,,73,US_NH
831,Exterior Energy,,76,US_NH
2208,Dalton Bros Garbage & Disposal,,49,US_WV
7919,Phillips Lunsford Dole,,81,US_HI
3444,Amy Cotton Fnp,,80,US_ME
8620,Paula Green,,78,US_VT
209,Calio Enterprises Inc,,73,US_MT
5287,Kibo Group Architect,,87,US_MT
3059,Tech Patrol Inc,,73,US_VT
1666,Michele Bradfield,,87,US_MT
5283,Ipsecurity LLC,,73,US_DC
6987,Cordova Alfredo C MD,,80,US_RI
269,Shirley L Dodson,,73,US_SD
8253,Van Voorhies Insurance,,64,US_RI
7021,Richard B Chilgreen,,73,US_ME
430,Dennie Pirsch Attorney,,81,US_DC
3158,Levy Joel H,,81,US_DC
3021,Jackson & Macnichol,,81,US_ME
9088,Gray Hawk Systems Inc,,73,US_DC
1127,Don Maintenance Inc,,73,US_HI
4238,Jarrell Graphics,,73,US_DE
4673,A B S Training,,87,US_NH
4856,Skain Studio,,73,US_DE
6,General Building Services,,73,US_NH
3186,prevas a/s,,73,DK
671,Benno Amy Grosche Lmt,,72,US_ND
3946,Dean A Stratton,,73,US_VT
4628,Lifelong Realtors,,65,US_NH
1135,Varnes Kelly J,,81,US_MT
8893,National Advisory Council,,73,US_DC
1461,Tajima Mark S DDS,,80,US_HI
6782,North Dakota Arabian Horse Association,,86,US_ND
700,Whitt's Architectural Plans,,87,US_WV
7756,Center Dermatology & Skin Care,,80,US_WV
1202,Roberts Family Mem Fund,,86,US_MT
1438,Washington Photocopy,,73,US_DC
8514,A Mediation Partnership,,81,US_VT
9122,Grasslands LLC,,87,US_MT
647,Todd Whitaker,,73,US_ME
5304,Design House,,73,US_WV
8438,North Country Hydraulics,,76,US_NH
1985,Tobin Dennis MD,,80,US_NH
7965,Pelham Theatre Comm,,73,US_NH
6513,Facility Services Management Inc,,73,US_RI
1790,Champathong My,,73,US_HI
7365,Rivera Health Information Consulting Inc,,87,US_DE
4730,Ankh Inc,,73,US_HI
1785,Martin Cpa Thomas,,87,US_NH
4610,Clg Consulting,,87,US_ME
2669,LLC Cross Rhodes,,76,US_VT
2310,Riverside Communications Inc,,87,US_ND
9456,Blaylock's Restaurant Service Inc,,76,US_ME
7828,Artistic Advantage,,72,US_WV
4755,Community Bible Aog,,86,US_WV
6796,24 Hour 7 Day Emergency Locksmith,,76,US_DC
583,Morrisville Engraving & Trophy,,73,US_VT
1007,Theodore Su Chong,,73,US_HI
1324,Virginia Container Corp,,76,US_DE
9460,Newport By Segway Inc,,47,US_RI
8023,Cheeseburger Beachwalk,,73,US_HI
2036,Pryce Jeffrey F,,87,US_DC
4077,Mill Creek Trades LLC,,73,US_MT
5584,Bishop Wisecarver Corp,,87,US_NH
3746,Rolling Plains Sportsmans Club,,79,US_ND
7095,Happy Nails & Spa,,72,US_WV
4255,civita sicilia s.r.l.,,79,IT
7339,Sanford Robert,,81,US_DC
6747,Simca Systems,,73,US_NH
942,Cronin Kathleen M DPM,,73,US_WV
9123,Infotech System Security,,73,US_DC
533,Fellowship Baptist Church,,86,US_WV
2457,Wyoming Business Leadership Network,,87,US_WY
9208,Hargrove Associates LLC,,87,US_DC
5548,Nellie M Irish,,73,US_VT
6570,Elite Resources,,87,US_HI
1372,Lepre Michael G,,81,US_DC
4692,Crystals Creations,,73,US_ME
2405,Havre Refregiration Inc,,76,US_MT
6612,Helping Hands,,79,US_DC
4254,Neil Danielson,,73,US_ND
7737,Super Clean,,76,US_SD
8412,Jl Brown Bookkeeping LLC,,87,US_SD
386,Laliberte Douglas P DDS,,80,US_ME
1251,Edge Salon,,72,US_MT
3961,Wilson Bryant,,65,US_HI
4302,Melvin L Otey Law Offices,,81,US_DC
3412,Dodson Bros Exterminating CO,,73,US_WV
5780,Calvary Worship Center Inc,,86,US_RI
304,Edward Neal Donaghy,,73,US_ME
6719,Claymont Spanish Congregration,,86,US_DE
6975,Jordan Creek Taxidermy,,76,US_MT
7331,Kapalua Advertising CO Ltd,,73,US_HI
29,Vbr Investments LLC,,65,US_RI
2768,Lowe Voltage LLC,,73,US_WV
2162,Laubach Gwydion,,73,US_VT
1541,Subramaniyam Veerappan MD,,80,US_ND
3448,Graphic Art & Creative Service,,73,US_SD
8523,Hub Client Inc,,81,US_MT
3229,Black Belt Karate,,79,US_HI
8383,John Bigiarelli Jr,,73,US_WV
2982,Cairnie Hilary S,,81,US_DC
7720,Classic Wildlife Design LLC,,73,US_RI
1349,Back To Nature Body Therapy,,72,US_HI
9071,exeter hospital pediatric,,80,US_NH
6606,National Fire Protection CO,,73,US_HI
6772,Church of Jesus Christ of Lds,,86,US_MT
2368,Lawrence Arch Or,,73,US_WV
5453,Curran Tree Inc,,78,US_RI
8806,Randall J Keller,,73,US_ND
3006,F Takaesu,,73,US_HI
9053,Greoory Brown Pa,,81,US_ME
8099,Frontier Inspection Lc,,87,US_WY
3802,Paddle Bus Club LLC,,79,US_HI
5250,Gordon F Stevens,,73,US_NH
8488,Rynkowski G C & Albin W Lt Col,,73,US_ME
293,Malloy John,,73,US_DE
9883,Details,,72,US_WY
7786,Hampshire County Parks & Rec,,79,US_WV
1962,Be Be Nails In Walkiki,,72,US_HI
7721,National Press Building Leasing,,65,US_DC
8059,Colonial Parking Inc,,75,US_DC
217,Flynn Consulting Group LLC,,87,US_RI
2253,St Mary's Minot Avenue Lab,,87,US_ME
6379,Alby L Saunders Cpa L L C,,87,US_HI
824,Nawoc Ltd Partnership,,73,US_MT
2891,Shots Nutritionals LLC,,73,US_SD
1359,Active Now Wellness Center,,79,US_HI
447,Dream Cleaners,,76,US_WV
7818,Turban CO Inc,,73,US_HI
2647,Atlas Programming LLC,,73,US_ME
6042,Xtreme Sports Id,,73,US_HI
172,Black Hills Brokers,,65,US_SD
566,Mc88 Associates Ltd,,73,US_HI
1621,Welcome Sandra & Carl,,73,US_VT
9209,Grant Marketing Inc,,87,US_RI
5206,Canyon River Sales LLC,,65,US_MT
9394,Carson Taylor Law Firm,,81,US_MT
8270,Vital Health & Nutrition,,80,US_RI
6647,White Mountain Green Landscape,,78,US_NH
8952,Tim's Lawn Care,,78,US_SD
7041,Sean Hays Consulting,,87,US_MT
2830,Melinkovich Clayton M,,81,US_WY
8398,Missouri Breaks Surveying,,87,US_SD
4179,Faringer Paul MD,,80,US_HI
3453,Terry Lisa V,,81,US_DC
5770,D C Entertainment,,79,US_RI
3537,J & J Bethea,,73,US_ND
4411,Kitty Hawk Travel,,47,US_DC
2542,Benefis Medical Group,,80,US_MT
3667,Vera Griffith Bastedo,,86,US_VT
9241,New Beginning Christian,,86,US_HI
4031,Maya's Eye Photography,,72,US_DC
714,Byrd Curtis And Associates,,73,US_WV
5765,American Legion Auxiliary Post 74 Unit 4,,86,US_MT
529,microage - dil,,73,CA
2479,Jacob's Crossing Owners Assoc,,86,US_MT
3138,A Dog's Best Friend,,75,US_RI
4280,All About Sports,,79,US_MT
997,M Layman Consulting LLC,,87,US_NH
6174,Our Savior Lutheran Church,,86,US_ND
5292,National Planning Corp,,87,US_ND
5359,Kurt Shisler,,87,US_ME
5954,R D Richmond Md,,80,US_WV
6823,Mauritius-Us Business Association Inc,,86,US_DC
2270,Starr Brandie Marketing Corp,,87,US_WV
4384,Circle J Developers LLC,,65,US_DE
4396,Body Dynamics Fitness Center,,79,US_ME
605,Bob Onne Acupressure Massage,,72,US_VT
9988,Children S Medical Center,,80,US_WV
6440,Designer Curb,,78,US_MT
5837,Bates H Clark Md,,80,US_DC
2119,Mastronardi Janet A,,81,US_RI
7264,Sami-Zakhari Iman R MD,,73,US_DC
9166,New Hampshire Congress Of Parents Grinnell Pta,,86,US_NH
8557,Kendrick Charles R DO,,73,US_ME
5384,Oromo Church,,86,US_DC
4270,La Green Enterprises,,73,US_HI
6334,Morpheus,,87,US_DE
2909,Bucciarelli,,73,US_NH
2025,Niberts Farm,,24,US_WV
4414,Jenness Realty Holdings LLC,,64,US_VT
2011,Century 21 Buffalo Realty Inc,,65,US_WY
1677,Aimee Holcomb,,73,US_HI
2274,Patrick Schmitz,,73,US_ND
6497,Bob Syring & Association,,87,US_SD
9660,Jehovah's Witnesses,,86,US_ME
9328,Fiore Stables LLC,,75,US_NH
9680,Upstream Pilates LLC,,79,US_MT
6960,Reimche Enterprises,,73,US_ND
6876,Buck Ranch LLC,,29,US_MT
7356,Tim Knierim,,80,US_WV
1406,Glenn R Baron,,73,US_NH
5144,C & G Consulting,,87,US_DC
5740,Sheppard & Garster,,87,US_ME
8935,Buddy's Home Video,,78,US_WV
756,Watson Paula M CPA,,87,US_WY
5127,4 Winds Auction & Appraisals,,73,US_ND
5941,Jim Slattery Attorney,,81,US_DC
9760,cdc centro dermatologico cirurgico ltda,,80,BR
927,On The Green Companies Inc,,78,US_RI
6473,King Construction Co Inc,,65,US_WY
3478,Kelleherjohn Hockessn Valley F,,73,US_DE
9703,Ierusalema Pomaikai Church,,86,US_HI
9842,Usera Consulting LLC,,87,US_SD
2207,Delaware Title Loans,,65,US_DE
8127,Mike Lopez Productions,,79,US_HI
777,Browne Frederick A MD,,80,US_RI
4823,Episcopal Diocese Of Wyoming,,86,US_WY
2361,Frank Gorke Jr,,73,US_ME
6831,West Warren MD,,80,US_NH
4406,Hartley Foundation,,87,US_HI
4667,Nd Association Of Family Career And Community Leaders Of America,,86,US_ND
7653,Francis Joshua DDS,,80,US_WY
9834,The Pooch Parlor,,75,US_RI
7821,Nicholas,,73,US_WV
9242,Mountaineer Manor,,72,US_WV
210,Sopher Marc MD,,80,US_NH
1762,Legacy Information Systems LLC,,73,US_DE
5408,Life Aleda,,73,US_WV
4997,Lawrence & Barbara Merenstein,,73,US_DE
6343,Welcome To Delaware Real Estate Resource Sitemap,,87,US_DE
2502,Stephen Brackin,,73,US_DE
5311,Kw Lee Au Md,,80,US_HI
2671,ambulancezorg fryslân,,80,NL
8101,Brian C Sanderson,,73,US_ME
5943,Old Apostolic Lutheran Church,,86,US_DE
2967,Sathya Bharath MD,,80,US_RI
7360,Csc 304,,73,US_WV
809,Keith Garness,,73,US_SD
7904,Dakota Rendering Inc,,75,US_SD
1224,Mililani Town Assn,,79,US_HI
7529,Compuphone Telecommunicati,,73,US_DE
2314,Lojec Limited Liability Company,,80,US_DC
2916,Granite Point Consulting,,87,US_NH
9886,Soap Smiles LLC,,73,US_NH
736,Chora LLC,,87,US_DC
4646,Wise Larry K MD,,80,US_DE
1338,Mario Rocco Entertainment,,79,US_DE
4585,Stephen Barton & Sons Car,,73,US_NH
2199,M W Lane,,73,US_WV
559,The Homestead Group,,73,US_RI
9349,Classic Car Wash,,75,US_SD
2814,Delilah's Pole Dance,,79,US_DC
4601,Big Sky Bullies And Exotic Lynx,,75,US_MT
5318,Bicker Rebecca Sue MD,,80,US_HI
1261,Pamela J Marple,,81,US_DC
7384,Conrad Consulting,,87,US_WV
2406,Justin H Long Inc,,91,US_ME
1696,Mike Twist Inc,,73,US_ME
6193,Saint Johns Community Services,,86,US_DC
4716,Arlene Nelson,,75,US_SD
8176,Mike R Nelson,,73,US_SD
435,Ellis Jeff Backhoe & Lawn Care,,78,US_NH
2265,Edgar Martinez,,73,US_NH
6154,Vli Inc,,73,US_DC
5655,Amanda S Akovenko,,73,US_ND
5919,Wm R Sharpe Jr Hosp,,73,US_WV
1545,Darlington Ramona M CPA,,87,US_WV
5232,Robert C Lefton,,81,US_DE
9245,Lightspeed Consulting LLC,,87,US_RI
5873,Salon Elizabeth,,72,US_VT
8686,Horning & Horning,,87,US_SD
746,S & D Inc,,75,US_ME
7943,Throne & Company,,87,US_SD
6811,Flying Low Spraying Inc,,72,US_ND
5734,Gary Leonardson,,73,US_MT
7373,Mckelvey Mary E MD,,80,US_WV
3722,Esposito Joseph,,73,US_NH
6836,Islane Professional Services,,73,US_HI
7419,Matthew J Seiden,,81,US_DC
1843,Robert E Eastman,,73,US_NH
7697,Pelletier Building,,73,US_NH
3714,Rauckhorst Alan DDS,,80,US_MT
9627,Brock III Samuel M,,81,US_WV
6423,Ray F Macdonald Insurance,,64,US_NH
3155,Phillips Guide Service,,79,US_DE
8925,Paul J Giles Jr,,76,US_DE
3462,You Can Race Run Or Walk Individually As A Family,,73,US_DE
6194,Christopher L Young,,87,US_ME
8360,Big Walts Landscaping,,78,US_DE
9575,Toth Environmental Services,,87,US_VT
1973,Hawaii Chinese Language Institute LLC,,87,US_HI
2581,Uniquely u Fashions,,87,US_DE
4287,Charles S Burhman,,87,US_NH
68,Donald L Brown,,73,US_VT
5747,Campaign For Labor Rights,,73,US_DC
3694,Weber Steven J,,81,US_DC
1456,Metropolitan Bureau Cllctns,,73,US_MT
3783,Burlington Computer Systems,,73,US_VT
7881,midlands clinic pc,,80,US_SD
3033,Quinn Aaron Degenstein,,13,US_ND
1721,Restoration Massage Therapy,,80,US_MT
9389,Scorpion Gulch Gunsmithing,,76,US_WY
9445,Eduardo A Balarezo Law Office,,81,US_DC
8235,Kathryn Boyers,,73,US_NH
8882,David A Williams,,73,US_ME
619,Frank Bodlovic,,73,US_MT
2625,Triple M LLC,,73,US_MT
9821,Jtl Dental Lab,,80,US_MT
6308,Palas Security,,73,US_NH
462,Community Development Inc,,87,US_RI
773,Diamond Event Professionals,,72,US_MT
6496,P D C Landscaping,,78,US_RI
9736,The Harris Group,,87,US_WV
5251,Attorney Yellow Pages Com,,81,US_NH
4474,Mathewson St Untd Methdst Ch,,86,US_RI
2322,Michael Photog Temchine,,72,US_DC
5649,Alloway & Assoc,,87,US_WY
164,First Lutheran Church,,86,US_MT
7859,Upright Carpet Cleaning,,72,US_WY
1298,Jr Sales Inc,,73,US_ND
9030,Michael Boudin Lawyer,,81,US_DC
7045,Clark's Landscaping,,78,US_WY
2897,North Platte Valley Feeders Assoc,,75,US_WY
5819,N Lawn Maintenance,,78,US_MT
2928,Bell Daniel W,,80,US_WV
1484,Matt Foster Logging + Tree Service Inc,,78,US_VT
4934,Elizabeth Niles,,73,US_ME
2630,Oscar Alfred Westlund,,73,US_ND
2393,Rachel Forcier,,87,US_NH
7707,Real Estate Equity Corporation,,65,US_WV
9512,288 Vaucluse LLC,,76,US_RI
8366,Ab Enterprises LLC,,87,US_RI
4793,Vincent B Mccann Dr,,80,US_DE
8593,E-Vision Tours Com,,47,US_MT
6660,Simply Denae's Hair Salon,,72,US_SD
8264,Dreamfirst,,73,US_DE
3707,lifelight communications inc,,79,US_SD
8119,La Enterprises,,73,US_WY
7513,Pj Cover Humanresource Consulting,,87,US_VT
7160,Sal's Hair Image,,72,US_DE
5582,Stephen R Keulmann,,73,US_DE
1146,Lyle Saulter,,73,US_MT
6001,Jesurum Scientific Enterprises,,87,US_NH
3836,Edward L Bourke Md Inc,,80,US_HI
9186,Ramona R Jones,,73,US_WV
6977,Hendricks United Methodist Chr,,86,US_WV
8239,Dorrie Rodriguez,,73,US_ND
3647,Uvest,,73,US_RI
8687,N A M M E Inc,,87,US_NH
9022,Matt Bever,,73,US_WV
9266,Concert Technologies,,87,US_ME
8377,Watts Lesley,,80,US_NH
6081,Green Mountain Cleaning Service,,76,US_VT
6040,58 Ferry Road LLC,,73,US_ME
7492,Donna Burnside,,73,US_WV
8890,aeb sweden,,73,SE
6624,Deliverance Center Inc,,86,US_ME
4878,Patricia G Lawlor,,73,US_VT
9267,Cloutier Andrew J,,81,US_ME
1683,Lyle Stewart,,21,US_SD
4510,Pare Thomas J CPA,,87,US_NH
7232,272 Deerrun Heights LLC,,73,US_VT
5404,Cherry Hill Housing,,73,US_RI
4756,Miripol Patricia PhD,,80,US_DE
4806,Schofield,,73,US_RI
9059,Soldyshev Ruslan A MD,,80,US_MT
3140,Classic Cuts,,72,US_ND
7575,Wilson Jr Edward C,,81,US_DC
1526,Decca Development Corp,,65,US_DC
4063,Arnold J Burrows Jr,,73,US_NH
1236,Players Choice Ent Systems,,73,US_NH
5041,Nelson Judith D MD,,80,US_SD
139,Lynch Stonework Inc,,73,US_ME
1247,Lynette K Elijah,,73,US_ND
8576,Creative Innovations-Landscp,,78,US_HI
9962,Transformational Technologies,,73,US_RI
5977,Sarah Story Photography,,72,US_NH
7800,Eric Schwan,,73,US_SD
7758,Michael J Schmitz,,64,US_MT
176,Ferragamo,,73,US_RI
2787,Bedrock Family LLC,,73,US_WV
1914,Larry Dean Nelson,,81,US_SD
3203,Machinery Supply Inc,,76,US_MT
896,Reedy Ralph D,,86,US_WV
2012,Lambert Pam,,81,US_WV
750,Sara Petrasso Ph D,,73,US_DC
3829,Patterson Place,,65,US_ND
6189,Votava Consulting LLC,,87,US_ND
4049,Philip And Bette Ayoub Foundation,,86,US_RI
9397,Utc Accounting,,87,US_WY
2438,ovalsys,,73,CA
5777,Dpa Enterprises,,73,US_MT
1569,The Masters Plan,,73,US_ME
8359,Yellowstone Wildlife Sanctuary,,79,US_MT
3081,Hoovers Martial Arts,,79,US_SD
7964,Rotary Club Of Derry Village,,86,US_NH
352,Patrick J Mcevoy Cpa,,87,US_DC
9602,Leary's Plants,,73,US_HI
6676,Bennett Alexander E,,81,US_DC
1173,London Village Chapel,,86,US_DE
8835,Turnbull Bruce H,,81,US_DC
8292,Bernard Rothwell & Brown Pc,,81,US_DC
3927,James M Sebold,,87,US_NH
7917,Allure Cosmetics,,59,US_SD
141,American Innovative MI Assoc,,73,US_MT
4039,Scott Skillings,,73,US_ME
9845,Nancy B Tracy Notary,,73,US_ME
9780,Cheap Tickets Ri,,73,US_RI
8224,Jacobson Howard J MD,,80,US_DC
8222,Stephen G Hilborn,,73,US_SD
3625,Hotheads Hair Designs,,72,US_WV
2718,psb amsterdam,,73,NL
7380,Reddington Edward C,,81,US_DC
7699,Earl E Wing Jr,,73,US_NH
466,Atlantic Security International,,73,US_DE
7413,Aa Alpha Omega Carpet Clea,,76,US_WY
7998,Dakota Plains Legal Service,,81,US_SD
3805,Zemacke Matthew T,,80,US_MT
9179,The Burroughs Mall,,73,US_HI
1783,Thelma R Davenport Ins,,64,US_DC
6140,Dennis Consulting,,87,US_DE
5992,All Stars Karaoke & Dj,,79,US_VT
5260,Johnson Family Practice,,80,US_VT
1766,Melgey Sharon,,13,US_ME
3644,Hands For Health,,72,US_ND
3313,Enon Primitive Baptist Ch,,86,US_WV
1788,Takeyama Peter H MD,,80,US_HI
9934,Ameriprise Financial Services Inc,,87,US_WY
3082,Milligan Contracting,,73,US_MT
3851,Blackburn Shirley I Real Estate Res,,65,US_DE
3724,Wag Strategic Alliance,,87,US_DE
3986,Kaimuki Shiatsu,,72,US_HI
1186,Signature Decor & Design,,73,US_ND
5381,Nancy Ekren,,73,US_ND
3613,Lane Consulting LLC,,87,US_SD
7478,Jesse Leuthold Cpa,,87,US_SD
3329,Lam Enterprises Inc,,87,US_HI
3382,Summersweet Gardening,,78,US_VT
6625,Hilo Nichiren Church,,86,US_HI
9039,Phien Phung,,72,US_WV
6089,Sanvi Enterprises LLC,,87,US_RI
5390,Stella Cheng Accounting,,87,US_DE
5528,Peg Wilkinson,,73,US_WV
6952,Lowe Ph Associates LLC,,87,US_DC
1813,Periodontal Specialists Mont,,80,US_MT
9650,Wow Family Entertainment,,79,US_VT
6677,Wind River Hearing Service,,80,US_WY
8337,Andys Lock Shop,,76,US_VT
871,Rice Lock,,76,US_VT
4295,Franklin Chamber of Commerce,,86,US_VT
7997,Larry Harris,,73,US_WV
3543,Catherine Haveman Cpa,,87,US_SD
7994,Michael A Boucher,,73,US_ME
4413,Independent Consulting Services,,87,US_RI
8938,Club 505,,79,US_RI
9248,Kim Purnell,,73,US_DE
7540,Sherker Averell H MD,,80,US_DC
9203,Tyler Mcnally,,73,US_VT
5850,And Benefit Jpl Financial,,87,US_WV
6953,Ewert James S MD,,80,US_ME
9801,Daniel P Rankin,,73,US_ME
661,Photography By Tanya,,72,US_NH
1133,fenwick medical ctr,,80,US_DE
295,Bates Mark Cline MD,,80,US_WV
9774,novalis technology,,73,ES
5367,Puppy LA Pew,,75,US_RI
8465,Insight Consulting Inc,,87,US_DC
2246,Barbara & Stephen Fallat,,73,US_DE
4139,Paulson Nancy,,65,US_ND
6141,Iron Maven LLC,,73,US_VT
7535,Royal Billards Players Club,,79,US_DE
2920,Village of Hershey Run Club,,65,US_DE
3516,Z-Best Bookkeeping,,87,US_NH
5813,Sue Kukus,,73,US_MT
1069,Melinda Aldentaler,,73,US_SD
9026,Metigoshe Lutheran Church,,86,US_ND
1840,G Inafuku,,73,US_HI
2326,Jeffrey J Johndro,,73,US_ME
1558,Petersen Rafe,,81,US_DC
5167,Livingston West LLC,,73,US_MT
9673,Church of Jesus Christ of Lds,,86,US_WV
3234,Griffith & Assoc,,87,US_WV
6655,Weston & Printzlau,,81,US_NH
9361,Main Street Adventures Travel,,86,US_RI
3812,Charles D Francis,,80,US_WV
2236,Jodi C Remer,,73,US_DC
5593,fueled technologies pvt. ltd,,73,IN
6483,A & E Cleaning Service,,76,US_ND
2570,Loos Dickson R,,81,US_DC
4680,Shangraw Upholstery,,76,US_VT
7889,Sperling Repair LLC,,76,US_SD
9109,Franklin W Rector Ii,,73,US_WV
5961,Prestera Mental Health Center,,80,US_WV
8991,S Wood Landscaping,,78,US_DE
9498,Strawberry Run Assoc,,65,US_DE
8863,Pulmonary Home Care,,80,US_WV
9976,Christ Apostolic Church,,86,US_RI
9725,Nevala Jr Charles,,73,US_ME
4593,Sunset Ridge Enterprises LLC,,73,US_ME
1348,Bt Americas Inc Manpower,,73,US_ME
7414,Arthur Harvey,,87,US_ME
2114,N M A Properties LLC,,65,US_HI
5772,Sullivan Law Offices,,81,US_WY
4386,Wb Gourmet Sales LLC,,73,US_NH
2124,Family Planning Assoc of Maine,,80,US_ME
2296,Mccann Christy S,,81,US_MT
4619,World In My Fathers,,73,US_ND
9622,Maui Busy Bee,,79,US_HI
9526,Threadworks Plys,,73,US_MT
757,South Shore Greenhouse,,52,US_MT
6216,Brad Panik,,73,US_DE
2319,Willing Heart Community Church,,86,US_DC
7223,Mike E Enzler,,73,US_MT
689,Solar Planet Tanning-Cleveland,,72,US_DC
5759,Silverline Consulting Inc,,87,US_DE
1341,Avera Clinic of Ellendale,,80,US_ND
8930,The Meth Project Foundation Inc,,86,US_WY
6641,Hauptfuehrer Sara E,,81,US_WV
8661,Anderson Taxidermy,,76,US_WY
2936,Tip Top Services,,73,US_MT
7059,Cheyenne Regional Lab At Exp,,80,US_WY
2813,Dan's Bookkeeping Service,,87,US_HI
9265,Mike'z Landscape & Tree Service,,78,US_ME
2214,Gerald Thovson,,73,US_SD
8772,Village Laundry & Cleaners,,76,US_RI
6256,Robert Vaughn,,81,US_NH
5802,H & D Welding LLC,,76,US_MT
9333,Gorgeous,,72,US_WV
2821,V Kelsey James,,73,US_NH
7880,Rafael Eduardo Parra,,78,US_DE
9983,Kim Rex K C,,81,US_HI
2685,Mr Mics Travel World Inc,,47,US_MT
1659,Elyritts,,81,US_DC
5272,Young Sheryl N MD,,80,US_DC
2840,Jf Products,,73,US_ND
8238,Brian C Blake,,24,US_ME
2785,Downey James,,86,US_WV
3949,Fairly Stable LLC,,75,US_NH
5882,W David Malone Travel,,47,US_DC
2610,Brian W Fitzgerald Esq,,81,US_DC
5062,Campi Built,,73,US_DE
6218,Khan Asad,,81,US_WV
357,Paul H Toyozaki,,81,US_HI
5657,The Home Source,,73,US_SD
8201,William Belanger,,73,US_NH
7705,Cliff House Condominiums,,65,US_DE
8075,evgcares,,80,CA
7900,C J Lawn Service,,78,US_DE
3511,Woodbury Home Inspection Service,,73,US_HI
1084,Almahayni Eyad DDS,,80,US_NH
7142,Mommie Maids,,73,US_WV
949,Parks David,,73,US_RI
171,Netezza Government Sales,,73,US_NH
1851,Casey's A T A Blackbelt Academy,,79,US_WV
9070,Columbia Heights Carpet Clnrs,,72,US_DC
516,Tipton Environmental Consltng,,87,US_ME
214,Tim Nichols,,73,US_WV
6839,Beasley Investigations LLC,,73,US_WV
4057,Capeharts Cattery,,75,US_WV
9430,Andrea Shambo,,80,US_MT
2557,Body Shop Fitness Center,,72,US_ND
3657,Unme LLC,,65,US_ME
9885,Seabreeze Travel LLC,,47,US_DC
2470,Muddy River Terriers,,75,US_NH
5118,Rockland Janitorial,,73,US_ME
2745,Miller Robt Violin Restoration,,76,US_ME
4094,Matewan United Methodist Chr,,86,US_WV
3283,Apm Towing,,75,US_HI
8411,Clay John,,29,US_WV
3070,24 Hour Always Available Emergency Locksmith,,76,US_DC
1795,Rienzi Thos M Ltg Usa Ret,,73,US_HI
5880,Fine Art And Custum Picture Fr,,73,US_DE
977,Ashley Hill Consulting Pc,,87,US_VT
923,Tim Fodness Business,,87,US_SD
638,Kristin M Froehlich Lcsw,,80,US_DE
9234,Wright D3g Enterprises,,87,US_WV
3277,Vandenberg Law Office,,81,US_SD
1602,Pentecostal Church,,86,US_DC
491,Hayes Landscaping,,78,US_VT
9006,Travel Systems WV,,86,US_WV
8909,Joncran Textiles,,73,US_RI
6443,Rogers John J,,81,US_RI
6885,olympiques de gatineau,,79,CA
3960,Cut Trim,,72,US_HI
7357,Baer And Assoc,,87,US_RI