id,service_type,service_name,identifier,country,status
0,hosting,IBM,159.253.158.0/23,NL,
1,hosting,IBM,159.8.198.0/23,NL,
2,hosting,IBM,169.38.118.0/23,IN,
3,hosting,IBM,66.228.118.0/23,US,
4,hosting,IBM,173.192.118.0/23,US,
5,hosting,IBM,184.172.118.0/23,US,
6,hosting,IBM,50.22.118.0/23,US,
7,hosting,IBM,192.255.18.0/24,US,
8,hosting,IBM,198.23.118.0/23,US,
9,hosting,IBM,169.46.118.0/23,US,
10,hosting,IBM,169.47.118.0/23,US,
11,hosting,IBM,169.48.118.0/24,US,
12,hosting,IBM,159.122.118.0/23,DE,
13,hosting,IBM,161.156.118.0/24,DE,
14,hosting,IBM,149.81.118.0/23,DE,
15,hosting,IBM,119.81.138.0/23,CN,
16,hosting,IBM,173.193.118.0/23,US,
17,hosting,IBM,5.10.118.0/23,GB,
18,hosting,IBM,169.62.118.0/24,GB,
19,hosting,IBM,141.125.118.0/23,GB,
20,hosting,IBM,158.176.118.0/23,GB,
21,hosting,IBM,168.1.118.0/23,AU,
22,hosting,IBM,169.57.118.0/23,MX,
23,hosting,IBM,159.122.138.0/23,IT,
24,hosting,IBM,169.54.118.0/23,CA,
25,hosting,IBM,159.8.118.0/23,FR,
26,hosting,IBM,169.51.118.0/24,NO,
27,hosting,IBM,169.57.138.0/23,BR,
28,hosting,IBM,67.228.118.0/23,US,
29,hosting,IBM,169.56.118.0/24,KR,
30,hosting,IBM,50.23.118.0/23,US,
31,hosting,IBM,169.45.118.0/23,US,
32,hosting,IBM,169.62.118.0/24,US,
33,hosting,IBM,174.133.118.0/23,SG,
34,hosting,IBM,168.1.18.0/23,AU,
35,hosting,IBM,130.198.118.0/23,AU,
36,hosting,IBM,135.90.118.0/23,AU,
37,hosting,IBM,161.202.118.0/23,JP,
38,hosting,IBM,128.168.118.0/23,JP,
39,hosting,IBM,165.192.118.0/23,JP,
40,hosting,IBM,158.85.118.0/23,CA,
41,hosting,IBM,208.43.118.0/23,US,
42,hosting,IBM,192.255.38.0/24,US,
43,hosting,IBM,169.55.118.0/23,US,
44,hosting,IBM,169.60.118.0/23,US,
45,hosting,IBM,169.61.118.0/23,US,
46,cdn,IBM,159.253.157.0/24,NL,
47,cdn,IBM,159.8.197.0/24,NL,
48,cdn,IBM,169.38.117.0/24,IN,
49,cdn,IBM,"67.228.66.0/24, 75.126.76.0/24, 174.35.17.0/24, 208.43.15.0/24",US,
50,cdn,IBM,"50.23.203.0/24, 108.168.157.0/24, 173.192.117.0/24, 192.155.205.0/24",US,
51,cdn,IBM,184.172.117.0/24,US,
52,cdn,IBM,50.22.117.0/24,US,
53,cdn,IBM,"169.46.187.0/24, 198.23.117.0/24",US,
54,cdn,IBM,169.46.117.0/24,US,
55,cdn,IBM,169.47.117.0/24,US,
56,cdn,IBM,169.48.117.0/24,US,
57,cdn,IBM,159.122.117.0/24,DE,
58,cdn,IBM,161.156.117.0/24,DE,
59,cdn,IBM,149.81.117.0/24,DE,
60,cdn,IBM,119.81.137.0/24,CN,
61,cdn,IBM,173.193.118.0/23,US,
62,cdn,IBM,5.10.117.0/24,GB,
63,cdn,IBM,158.175.117.0/24,GB,
64,cdn,IBM,141.125.117.0/24,GB,
65,cdn,IBM,158.176.117.0/24,GB,
66,cdn,IBM,168.1.117.0/24,AU,
67,cdn,IBM,169.57.117.0/24,MX,
68,cdn,IBM,159.122.137.0/24,IT,
69,cdn,IBM,169.54.117.0/24,CA,
70,cdn,IBM,159.8.117.0/24,FR,
71,cdn,IBM,169.51.117.0/24,NO,
72,cdn,IBM,169.57.137.0/24,BR,
73,cdn,IBM,67.228.117.0/24,US,
74,cdn,IBM,169.56.117.0/24,KR,
75,cdn,IBM,50.23.117.0/24,US,
76,cdn,IBM,169.45.117.0/24,US,
77,cdn,IBM,174.133.117.0/24,SG,
78,cdn,IBM,168.1.17.0/24,AU,
79,cdn,IBM,130.198.117.0/24,AU,
80,cdn,IBM,135.90.117.0/24,AU,
81,cdn,IBM,161.202.117.0/24,JP,
82,cdn,IBM,128.168.117.0/24,JP,
83,cdn,IBM,165.192.117.0/24,JP,
84,cdn,IBM,158.85.117.0/24,CA,
85,cdn,IBM,"50.22.248.0/25, 169.54.27.0/24, 198.11.250.0/24, 208.43.117.0/24",US,
86,cdn,IBM,169.55.117.0/24,US,
87,cdn,IBM,169.60.117.0/24,US,
88,cdn,IBM,169.61.117.0/24,US,
89,security_vendor,IBM,"159.253.156.0/24, 159.8.196.0/24",NL,
90,security_vendor,IBM,169.38.116.0/24,IN,
91,security_vendor,IBM,75.126.61.0/24,US,
92,security_vendor,IBM,159.122.116.0/24,DE,
93,security_vendor,IBM,119.81.136.0/24,CN,
94,security_vendor,IBM,173.193.116.0/24,US,
95,security_vendor,IBM,169.56.116.0/24,KR,
96,security_vendor,IBM,5.10.116.0/24,GB,
97,security_vendor,IBM,168.1.116.0/24,AU,
98,security_vendor,IBM,169.57.116.0/24,MX,
99,security_vendor,IBM,159.122.136.0/24,IT,
100,security_vendor,IBM,169.54.116.0/24,CA,
101,security_vendor,IBM,169.56.116.0/24,NO,
102,security_vendor,IBM,159.8.116.0/24,FR,
103,security_vendor,IBM,169.57.136.0/24,BR,
104,security_vendor,IBM,50.23.167.0/24,US,
105,security_vendor,IBM,50.23.116.0/24,US,
106,security_vendor,IBM,174.133.116.0/24,SG,
107,security_vendor,IBM,168.1.16.0/24,AU,
108,security_vendor,IBM,161.202.116.0/24,JP,
109,security_vendor,IBM,158.85.116.0/24,CA,
110,security_vendor,IBM,50.22.255.0/24,US,
111,security_vendor,IBM,159.122.137.0/24,IT,
112,security_vendor,IBM,169.54.117.0/24,CA,
113,security_vendor,IBM,159.8.117.0/24,FR,
114,security_vendor,IBM,169.51.117.0/24,NO,
115,security_vendor,IBM,169.57.137.0/24,BR,
116,security_vendor,IBM,67.228.117.0/24,US,
117,security_vendor,IBM,169.56.117.0/24,KR,
118,security_vendor,IBM,50.23.117.0/24,US,
119,security_vendor,IBM,169.45.117.0/24,US,
120,security_vendor,IBM,174.133.117.0/24,SG,
121,security_vendor,IBM,168.1.17.0/24,AU,
122,security_vendor,IBM,130.198.117.0/24,AU,
123,security_vendor,IBM,135.90.117.0/24,AU,
124,security_vendor,IBM,161.202.117.0/24,JP,
125,security_vendor,IBM,128.168.117.0/24,JP,
126,security_vendor,IBM,165.192.117.0/24,JP,
127,security_vendor,IBM,158.85.117.0/24,CA,
128,security_vendor,IBM,"50.22.248.0/25, 169.54.27.0/24, 198.11.250.0/24, 208.43.117.0/24",US,
129,security_vendor,IBM,169.55.117.0/24,US,
130,security_vendor,IBM,169.60.117.0/24,US,
131,security_vendor,IBM,169.61.117.0/24,US,
132,security_vendor,IBM,173.192.255.232,,
133,security_vendor,IBM,172.17.19.38,,
134,security_vendor,IBM,100.100.1.41,,
135,security_vendor,IBM,100.64.23.41,,
136,hosting,IBM,10.2.64.0/20,NL,
137,hosting,IBM,10.3.128.0/20,NL,
138,hosting,IBM,10.200.16.0/20,IN,
139,hosting,IBM,10.0.64.0/19,US,
140,hosting,IBM,10.1.128.0/19,US,
141,hosting,IBM,10.2.128.0/20,US,
142,hosting,IBM,10.1.176.0/20,US,
143,hosting,IBM,100.100.0.0/20,US,
144,hosting,IBM,"10.2.112.0/20 , 10.3.192.0/24",US,
145,hosting,IBM,10.200.80.0/20,US,
146,hosting,IBM,10.200.112.0/20,US,
147,hosting,IBM,10.200.128.0/20,US,
148,hosting,IBM,10.3.80.0/20,DE,
149,hosting,IBM,10.201.112.0/20,DE,
150,hosting,IBM,10.201.128.0/20,DE,
151,hosting,IBM,10.2.160.0/20,CN,
152,hosting,IBM,10.1.160.0/20,US,
153,hosting,IBM,10.1.208.0/20,GB,
154,hosting,IBM,10.201.32.0/20,GB,
155,hosting,IBM,10.201.48.0/20,GB,
156,hosting,IBM,10.201.64.0/20,GB,
157,hosting,IBM,10.2.80.0/20,AU,
158,hosting,IBM,10.2.176.0/20,MX,
159,hosting,IBM,10.3.144.0/20,IT,
160,hosting,IBM,10.3.112.0/20,CA,
161,hosting,IBM,10.2.144.0/20,FR,
162,hosting,IBM,10.200.96.0/20,NO,
163,hosting,IBM,10.200.0.0/20,BR,
164,hosting,IBM,10.1.64.0/19,US,
165,hosting,IBM,10.200.64.0/20,KR,
166,hosting,IBM,10.1.192.0/20,US,
167,hosting,IBM,10.3.176.0/20,US,
168,hosting,IBM,10.201.80.0/20,US,
169,hosting,IBM,10.2.32.0/20,SG,
170,hosting,IBM,10.3.96.0/20,AU,
171,hosting,IBM,10.201.16.0/20,AU,
172,hosting,IBM,10.202.16.0/20,AU,
173,hosting,IBM,10.3.64.0/20,JP,
174,hosting,IBM,10.201.176.0/20,JP,
175,hosting,IBM,10.201.192.0/20,JP,
176,hosting,IBM,10.2.48.0/20,CA,
177,hosting,IBM,10.1.96.0/19,US,
178,hosting,IBM,100.100.32.0/20,US,
179,hosting,IBM,"10.3.160.0/20 , 10.201.0.0/20",US,
180,hosting,IBM,10.200.160.0/20,US,
181,hosting,IBM,10.200.176.0/20,US,
182,hosting,IBM,10.2.200.0/23,NL,
183,hosting,IBM,10.3.220.0/24,NL,
184,hosting,IBM,10.200.232.0/24,IN,
185,hosting,IBM,10.1.0.0/23,US,
186,hosting,IBM,10.1.24.0/23,US,
187,hosting,IBM,10.2.208.0/23,US,
188,hosting,IBM,10.1.236.0/24,US,
189,hosting,IBM,10.2.232.0/24,US,
190,hosting,IBM,10.200.228.0/24,US,
191,hosting,IBM,10.200.216.0/22,US,
192,hosting,IBM,10.200.212.0/22,US,
193,hosting,IBM,10.2.236.0/24,DE,
194,hosting,IBM,10.2.216.0/24,CN,
195,hosting,IBM,10.1.56.0/23,US,
196,hosting,IBM,10.2.220.0/24,GB,
197,hosting,IBM,10.200.196.0/24,GB,
198,hosting,IBM,10.201.208.0/24,GB,
199,hosting,IBM,10.3.200.0/24,GB,
200,hosting,IBM,10.2.228.0/24,AU,
201,hosting,IBM,10.3.232.0/24,MX,
202,hosting,IBM,10.3.216.0/24,IT,
203,hosting,IBM,10.3.224.0/24,CA,
204,hosting,IBM,10.3.236.0/24,FR,
205,hosting,IBM,10.200.220.0/22,NO,
206,hosting,IBM,10.200.236.0/24,BR,
207,hosting,IBM,10.1.8.0/23,US,
208,hosting,IBM,10.200.224.0/22,KR,
209,hosting,IBM,10.1.224.0/23,US,
210,hosting,IBM,10.3.204.0/24,US,
211,hosting,IBM,10.200.192.0/24,US,
212,hosting,IBM,10.2.192.0/23,SG,
213,hosting,IBM,10.3.228.0/24,AU,
214,hosting,IBM,10.200.200.0/24,AU,
215,hosting,IBM,10.201.212.0/24,AU,
216,hosting,IBM,10.2.224.0/24,JP,
217,hosting,IBM,10.201.228.0/24,JP,
218,hosting,IBM,10.201.224.0/24,JP,
219,hosting,IBM,10.1.232.0/24,CA,
220,hosting,IBM,10.1.16.0/23,US,
221,hosting,IBM,10.3.212.0/24,US,
222,hosting,IBM,10.200.208.0/24,US,
223,hosting,IBM,10.200.204.0/24,US,
224,hosting,IBM,10.1.41.0/24,US,
225,hosting,IBM,10.1.49.0/24,US,
226,hosting,IBM,10.1.53.0/24,US,
227,hosting,IBM,10.1.33.0/24,US,
228,hosting,IBM,10.1.37.0/24,US,
229,hosting,IBM,10.1.45.0/24,US,
230,hosting,IBM,10.2.203.0/24,NL,
231,hosting,IBM,10.3.221.0/24,NL,
232,hosting,IBM,10.200.233.0/24,IN,
233,hosting,IBM,10.1.3.0/24,US,
234,hosting,IBM,10.1.27.0/24,US,
235,hosting,IBM,10.2.211.0/24,US,
236,hosting,IBM,10.1.238.0/24,US,
237,hosting,IBM,10.2.233.0/24,US,
238,hosting,IBM,10.200.229.0/24,US,
239,hosting,IBM,10.200.217.0/24,US,
240,hosting,IBM,10.200.213.0/24,US,
241,hosting,IBM,10.2.237.0/24,DE,
242,hosting,IBM,10.3.197.0/24,DE,
243,hosting,IBM,10.2.217.0/24,CN,
244,hosting,IBM,10.1.59.0/24,US,
245,hosting,IBM,10.2.221.0/24,GB,
246,hosting,IBM,10.200.197.0/24,GB,
247,hosting,IBM,10.3.201.0/24,GB,
248,hosting,IBM,10.2.229.0/24,AU,
249,hosting,IBM,10.3.217.0/24,IT,
250,hosting,IBM,10.3.255.0/24,CA,
251,hosting,IBM,10.3.233.0/24,MX,
252,hosting,IBM,10.3.237.0/24,FR,
253,hosting,IBM,10.200.237.0/24,BR,
254,hosting,IBM,10.1.11.0/24,US,
255,hosting,IBM,10.200.225.0/24,KR,
256,hosting,IBM,10.1.227.0/24,US,
257,hosting,IBM,10.3.205.0/24,US,
258,hosting,IBM,10.200.193.0/24,US,
259,hosting,IBM,10.2.195.0/24,SG,
260,hosting,IBM,10.3.229.0/24,AU,
261,hosting,IBM,10.200.201.0/24,AU,
262,hosting,IBM,10.2.225.0/24,JP,
263,hosting,IBM,10.1.233.0/24,CA,
264,hosting,IBM,10.1.19.0/24,US,
265,hosting,IBM,10.3.213.0/24,US,
266,hosting,IBM,10.200.209.0/24,US,
267,hosting,IBM,10.200.205.0/24,US,
268,hosting,IBM,10.1.42.0/24,US,
269,hosting,IBM,10.1.40.0/24,US,
270,hosting,IBM,10.1.54.0/24,US,
271,hosting,IBM,10.1.34.0/24,US,
272,hosting,IBM,10.1.38.0/24,US,
273,hosting,IBM,10.1.46.0/24,US,
274,hosting,IBM,12.96.160.0/24,,
275,hosting,IBM,66.98.240.192/26,,
276,hosting,IBM,67.18.139.0/24,,
277,hosting,IBM,67.19.0.0/24,,
278,hosting,IBM,70.84.160.0/24,,
279,hosting,IBM,70.85.125.0/24,,
280,hosting,IBM,75.125.126.8,,
281,hosting,IBM,209.85.4.0/26,,
282,hosting,IBM,216.12.193.9,,
283,hosting,IBM,216.40.193.0/24,,
284,hosting,IBM,216.234.234.0/24,,
285,hosting,Salesforce,13.109.128.0/19,,
286,hosting,Salesforce,13.109.160.0/21,,
287,hosting,Salesforce,13.109.192.0/19,,
288,hosting,Salesforce,101.53.176.0/20,,
289,hosting,Salesforce,160.8.0.0/21,,
290,hosting,Salesforce,161.71.16.0/20,,
291,hosting,Salesforce,161.71.40.0/22,,
292,hosting,Salesforce,161.71.176.0/21,,
293,hosting,Salesforce,182.50.76.0/22,,
294,hosting,Salesforce,13.109.128.0 - 13.109.159.255,,
295,hosting,Salesforce,13.109.160.0 - 13.109.167.255,,
296,hosting,Salesforce,13.109.192.0 - 13.109.223.255,,
297,hosting,Salesforce,101.53.176.0 - 101.53.191.255,,
298,hosting,Salesforce,160.8.0.0 - 160.8.7.255,,
299,hosting,Salesforce,161.71.16.0 - 161.71.31.255,,
300,hosting,Salesforce,161.71.40.0 - 161.71.43.255,,
301,hosting,Salesforce,161.71.176.0 - 161.71.183.255,,
302,hosting,Salesforce,182.50.76.0 - 182.50.79.255,,
303,crm,Salesforce,13.108.0.0/14,,3
304,crm,Salesforce,66.231.80.0/20,,
305,crm,Salesforce,68.232.192.0/20,,
306,crm,Salesforce,96.43.144.0/20,,
307,crm,Salesforce,128.17.0.0/16,,
308,crm,Salesforce,136.146.0.0/15,,3
309,crm,Salesforce,198.245.80.0/20,,
310,crm,Salesforce,199.122.120.0/21,,
311,crm,Salesforce,204.14.232.0/21,,3
312,crm,Salesforce,13.108.0.0 - 13.111.255.255,,3
313,crm,Salesforce,66.231.80.0 - 66.231.95.255,,
314,crm,Salesforce,68.232.192.0 - 68.232.207.255,,
315,crm,Salesforce,96.43.144.0 - 96.43.159.255,,
316,crm,Salesforce,128.17.0.0 - 128.17.255.255,,
317,crm,Salesforce,136.146.0.0 - 136.147.255.255,,3
318,crm,Salesforce,198.245.80.0 - 198.245.95.255,,
319,crm,Salesforce,199.122.120.0 - 199.122.127.255,,
320,crm,Salesforce,204.14.232.0 - 204.14.239.25,,
321,crm,Salesforce,52.60.248.0/22,CA,
322,crm,Salesforce,52.60.252.0/22,CA,
323,crm,Salesforce,52.60.248.0 - 52.60.251.255,CA,
324,crm,Salesforce,52.60.252.0 - 52.60.255.255,CA,
325,crm,Salesforce,13.210.4.0/22,AU,
326,crm,Salesforce,13.210.8.0/22,AU,
327,crm,Salesforce,13.210.4.0 - 13.210.7.255,AU,
328,crm,Salesforce,13.210.8.0 - 13.210.11.255,AU,
329,crm,Salesforce,85.222.128.0 - 85.222.159.255,,
330,crm,Salesforce,85.222.128.0/19,,
331,crm,Salesforce,160.8.0.0/16,,
332,crm,Salesforce,161.71.0.0/17,,
333,crm,Salesforce,163.76.128.0/17,,
334,crm,Salesforce,163.79.128.0/17,,
335,crm,Salesforce,185.79.140.0/22,,
336,crm,Salesforce,160.8.0.0 - 160.8.255.255,,
337,crm,Salesforce,161.71.0.0 - 161.71.127.255,,
338,crm,Salesforce,163.76.128.0 - 163.76.255.255,,
339,crm,Salesforce,163.79.128.0 -163.79.255.255,,
340,crm,Salesforce,185.79.140.0 - 185.79.143.255,,
341,crm,Salesforce,101.53.160.0/19,,
342,crm,Salesforce,104.161.128.0/17,,
343,crm,Salesforce,161.71.128.0/17,,
344,crm,Salesforce,182.50.76.0/22,,
345,crm,Salesforce,202.129.242.0/23,,
346,crm,Salesforce,101.53.160.0 - 101.53.191.255,,
347,crm,Salesforce,104.161.128.0 - 104.161.255.255,,
348,crm,Salesforce,161.71.128.0 - 161.71.255.255,,
349,crm,Salesforce,182.50.76.0 - 182.50.79.255,,
350,crm,Salesforce,202.129.242.0 - 202.129.243.255,,
351,hosting,Oracle,132.145.80.0/21,KR,
352,hosting,Oracle,132.145.112.0/21,JP,
353,hosting,Oracle,132.145.96.0/21,CA,
354,hosting,Oracle,132.145.104.0/22,CA,
355,hosting,Oracle,130.61.8.0/21,DE,
356,hosting,Oracle,130.61.16.0/20,DE,
357,hosting,Oracle,130.61.32.0/19,DE,
358,hosting,Oracle,130.61.64.0/19,DE,
359,hosting,Oracle,130.61.96.0/23,DE,
360,hosting,Oracle,130.61.104.0/21,DE,
361,hosting,Oracle,130.61.112.0/20,DE,
362,hosting,Oracle,132.145.232.0/21,DE,
363,hosting,Oracle,132.145.240.0/21,DE,
364,hosting,Oracle,132.145.248.0/21,DE,
365,hosting,Oracle,132.145.8.0/21,GB,
366,hosting,Oracle,132.145.16.0/20,GB,
367,hosting,Oracle,132.145.32.0/19,GB,
368,hosting,Oracle,132.145.64.0/23,GB,
369,hosting,Oracle,129.213.8.0/21,US,
370,hosting,Oracle,129.213.16.0/20,US,
371,hosting,Oracle,129.213.32.0/19,US,
372,hosting,Oracle,129.213.64.0/18,US,
373,hosting,Oracle,129.213.128.0/18,US,
374,hosting,Oracle,129.213.192.0/21,US,
375,hosting,Oracle,129.213.208.0/21,US,
376,hosting,Oracle,132.145.128.0/18,US,
377,hosting,Oracle,132.145.192.0/19,US,
378,hosting,Oracle,129.146.0.0/21,US,
379,hosting,Oracle,129.146.8.0/22,US,
380,hosting,Oracle,129.146.16.0/20,US,
381,hosting,Oracle,129.146.32.0/19,US,
382,hosting,Oracle,129.146.64.0/18,US,
383,hosting,Oracle,129.146.128.0/19,US,
384,hosting,Oracle,129.146.160.0/20,US,
385,hosting,Oracle,129.146.208.0/21,US,
386,hosting,Oracle,134.70.96.0/22,KR,
387,hosting,Oracle,140.91.40.0/23,KR,
388,hosting,Oracle,140.204.24.128/25,KR,
389,hosting,Oracle,192.29.16.0/21,KR,
390,hosting,Oracle,134.70.80.0/22,JP,
391,hosting,Oracle,140.91.32.0/23,JP,
392,hosting,Oracle,140.204.8.128/25,JP,
393,hosting,Oracle,192.29.32.0/21,JP,
394,hosting,Oracle,134.70.72.0/22,CA,
395,hosting,Oracle,140.91.28.0/23,CA,
396,hosting,Oracle,140.204.0.128/25,CA,
397,hosting,Oracle,192.29.0.0/21,CA,
398,hosting,Oracle,192.29.8.0/22,CA,
399,hosting,Oracle,130.61.0.0/21,DE,
400,hosting,Oracle,134.70.40.0/21,DE,
401,hosting,Oracle,134.70.48.0/22,DE,
402,hosting,Oracle,138.1.0.0/20,DE,
403,hosting,Oracle,138.1.40.0/21,DE,
404,hosting,Oracle,138.1.64.0/20,DE,
405,hosting,Oracle,138.1.96.0/21,DE,
406,hosting,Oracle,138.1.104.0/22,DE,
407,hosting,Oracle,138.1.160.0/19,DE,
408,hosting,Oracle,138.1.192.0/20,DE,
409,hosting,Oracle,140.91.16.0/22,DE,
410,hosting,Oracle,140.91.20.0/23,DE,
411,hosting,Oracle,140.91.198.0/23,DE,
412,hosting,Oracle,147.154.128.0/18,DE,
413,hosting,Oracle,147.154.192.0/20,DE,
414,hosting,Oracle,147.154.208.0/21,DE,
415,hosting,Oracle,130.35.112.0/22,GB,
416,hosting,Oracle,132.145.0.0/21,GB,
417,hosting,Oracle,134.70.56.0/21,GB,
418,hosting,Oracle,134.70.64.0/22,GB,
419,hosting,Oracle,138.1.16.0/20,GB,
420,hosting,Oracle,138.1.80.0/20,GB,
421,hosting,Oracle,138.1.208.0/20,GB,
422,hosting,Oracle,138.1.224.0/19,GB,
423,hosting,Oracle,140.91.22.0/23,GB,
424,hosting,Oracle,140.91.24.0/22,GB,
425,hosting,Oracle,140.91.200.0/23,GB,
426,hosting,Oracle,147.154.224.0/19,GB,
427,hosting,Oracle,129.213.0.0/21,US,
428,hosting,Oracle,130.35.16.0/20,US,
429,hosting,Oracle,130.35.48.0/20,US,
430,hosting,Oracle,130.35.64.0/19,US,
431,hosting,Oracle,130.35.96.0/20,US,
432,hosting,Oracle,130.35.120.0/21,US,
433,hosting,Oracle,130.35.144.0/20,US,
434,hosting,Oracle,130.35.176.0/20,US,
435,hosting,Oracle,130.35.192.0/19,US,
436,hosting,Oracle,130.35.224.0/22,US,
437,hosting,Oracle,130.35.232.0/21,US,
438,hosting,Oracle,134.70.24.0/21,US,
439,hosting,Oracle,134.70.32.0/22,US,
440,hosting,Oracle,138.1.48.0/21,US,
441,hosting,Oracle,140.91.10.0/23,US,
442,hosting,Oracle,140.91.12.0/22,US,
443,hosting,Oracle,140.91.196.0/23,US,
444,hosting,Oracle,147.154.0.0/18,US,
445,hosting,Oracle,147.154.64.0/20,US,
446,hosting,Oracle,147.154.80.0/21,US,
447,hosting,Oracle,129.146.12.0/22,US,
448,hosting,Oracle,130.35.0.0/20,US,
449,hosting,Oracle,130.35.128.0/20,US,
450,hosting,Oracle,130.35.240.0/20,US,
451,hosting,Oracle,134.70.8.0/21,US,
452,hosting,Oracle,134.70.16.0/22,US,
453,hosting,Oracle,138.1.32.0/21,US,
454,hosting,Oracle,138.1.128.0/19,US,
455,hosting,Oracle,140.91.4.0/22,US,
456,hosting,Oracle,140.91.8.0/23,US,
457,hosting,Oracle,140.91.194.0/23,US,
458,hosting,Oracle,147.154.96.0/19,US,
459,hosting,SAP,"210.80.140.0/24 , 157.133.96.0/23",AU,
460,hosting,SAP,157.133.246.0/24,BR,
461,hosting,SAP,157.133.54.0/24,CA,
462,hosting,SAP,157.133.141.0/24,NL,
463,hosting,SAP,157.133.70.0/24,DE,
464,hosting,SAP,155.56.128.0/17,US,
465,hosting,SAP,157.133.150.0/24,JP,
466,hosting,SAP,157.133.93.0/24,SA,
467,hosting,SAP,157.133.2.0/24,RU,
468,hosting,SAP,157.133.85.0/24,AE,
469,hosting,SAP,"65.221.12.0/24, 206.112.73.0/24 , 157.133.18.0/24",,2
470,hosting,SAP,"64.95.110.0/24 , 64.95.111.0/24",,
471,hosting,SAP,"169.145.117.0/24 , 169.145.118.0/24",,
472,hosting,SAP,155.56.128.0/17,,
473,email_vendor,Zoho,216.52.72.0/23,US,
474,email_vendor,Zoho,204.141.32.0/23,US,
475,email_vendor,Zoho,8.40.222.0/23,US,
476,email_vendor,Zoho,135.84.80.0/22,US,
477,email_vendor,Zoho,8.39.54.0/23,US,
478,email_vendor,Zoho,8.45.169.0/24,US,
479,email_vendor,Zoho,204.141.42.0/23,US,
480,email_vendor,Zoho,65.154.166.0/24,US,
481,email_vendor,Zoho,135.84.82.0/23,US,
482,email_vendor,Zoho,204.141.160.0/24,US,
483,email_vendor,Zoho,136.143.190.0/23,US,
484,email_vendor,Zoho,216.52.72.0 - 216.52.73.255,US,
485,email_vendor,Zoho,8.40.222.0 - 8.40.223.255,US,
486,email_vendor,Zoho,135.84.80.0 - 135.84.83.255,US,
487,email_vendor,Zoho,8.39.54.0 - 8.39.55.255,US,
488,email_vendor,Zoho,8.45.169.0 - 8.45.169.255,US,
489,email_vendor,Zoho,65.154.166.0 - 65.154.166.255,US,
490,email_vendor,Zoho,135.84.82.0 - 135.84.83.255,US,
491,email_vendor,Zoho,204.141.160.0 - 204.141.160.255,US,
492,email_vendor,Zoho,136.143.190.0 - 136.143.191.255,US,
493,email_vendor,Zoho,31.186.226.0/24,,
494,email_vendor,Zoho,185.20.209.0/24,,
495,email_vendor,Zoho,87.252.213.0/24,,
496,email_vendor,Zoho,84.207.209.0/24,,
497,email_vendor,Zoho,185.20.211.0/24,,
498,email_vendor,Zoho,31.186.243.0/24,,
499,email_vendor,Zoho,89.36.170.0,,
500,email_vendor,Zoho,31.186.226.0 - 31.186.226.255,,
501,email_vendor,Zoho,185.20.209.0 - 185.20.209.255,,
502,email_vendor,Zoho,87.252.213.0 - 87.252.213.255,,
503,email_vendor,Zoho,84.207.209.0 - 84.207.209.255,,
504,email_vendor,Zoho,185.20.211.0 - 185.20.211.255,,
505,email_vendor,Zoho,31.186.243.0 - 31.186.243.255,,
506,email_vendor,Zoho,89.36.170.0 - 89.36.170.255,,
507,email_vendor,Zoho,103.89.75.0/24,IN,
508,email_vendor,Zoho,103.103.199.0/24,IN,
509,email_vendor,Zoho,103.122.78.0/24,IN,
510,email_vendor,Zoho,125.17.151.80/28,IN,
511,email_vendor,Zoho,125.17.212.96/28,IN,
512,email_vendor,Zoho,103.89.74.0/24,IN,
513,email_vendor,Zoho,103.103.196.0/23,IN,
514,email_vendor,Zoho,103.103.198.0/24,IN,
515,email_vendor,Zoho,103.117.158.0/24,IN,
516,email_vendor,Zoho,103.117.159.0/24,IN,
517,email_vendor,Zoho,199.34.22.32/28,IN,
518,email_vendor,Zoho,220.225.183.0/24,IN,
519,email_vendor,Zoho,125.18.30.112/28,IN,
520,email_vendor,Zoho,125.16.138.240/28,IN,
521,email_vendor,Zoho,103.89.75.0 - 103.89.75.255,IN,
522,email_vendor,Zoho,103.103.199.0 - 103.103.199.255,IN,
523,email_vendor,Zoho,103.122.78.0 - 103.122.78.255,IN,
524,email_vendor,Zoho,125.17.151.80 - 125.17.151.95,IN,
525,email_vendor,Zoho,125.17.212.96 - 125.17.212.111,IN,
526,email_vendor,Zoho,103.89.74.0 - 103.89.74.255,IN,
527,email_vendor,Zoho,103.103.196.0 - 103.103.197.255,IN,
528,email_vendor,Zoho,103.103.198.0 - 103.103.198.255,IN,
529,email_vendor,Zoho,103.117.158.0 - 103.117.158.255,IN,
530,email_vendor,Zoho,103.117.159.0 - 103.117.159.255,IN,
531,email_vendor,Zoho,199.34.22.32 - 199.34.22.47,IN,
532,email_vendor,Zoho,220.225.183.0 - 220.225.183.255,IN,
533,email_vendor,Zoho,125.18.30.112 - 125.18.30.127,IN,
534,email_vendor,Zoho,125.16.138.240 - 125.16.138.255,IN,
535,email_vendor,GoDaddy,64.202.160.65,,
536,email_vendor,GoDaddy,64.202.160.161 ,,
537,email_vendor,GoDaddy,64.202.161.57,,
538,email_vendor,GoDaddy,64.202.161.177,,
539,email_vendor,GoDaddy,184.168.133.73,,
540,email_vendor,GoDaddy,184.168.224.94,,
541,email_vendor,GoDaddy,208.109.188.65,,
542,email_vendor,GoDaddy,208.109.188.66,,
543,email_vendor,GoDaddy,208.109.188.67,,
544,email_vendor,GoDaddy,208.109.188.68 ,,
545,email_vendor,GoDaddy,208.109.188.69,,
546,email_vendor,GoDaddy,208.109.188.70 ,,
547,email_vendor,GoDaddy,208.109.188.71 ,,
548,email_vendor,GoDaddy,208.109.188.72,,
549,email_vendor,GoDaddy,208.109.188.73,,
550,cdn,Cloudflare,173.245.48.0/20,,3
551,cdn,Cloudflare,103.21.244.0/22,,3
552,cdn,Cloudflare,103.22.200.0/22,,3
553,cdn,Cloudflare,103.31.4.0/22,,2
554,cdn,Cloudflare,141.101.64.0/18,,3
555,cdn,Cloudflare,108.162.192.0/18,,
556,cdn,Cloudflare,190.93.240.0/20,,
557,cdn,Cloudflare,188.114.96.0/20,,3
558,cdn,Cloudflare,197.234.240.0/22,,
559,cdn,Cloudflare,198.41.128.0/17,,3
560,cdn,Cloudflare,162.158.0.0/15,,3
561,cdn,Cloudflare,104.16.0.0/12,,2
562,cdn,Cloudflare,172.64.0.0/13,,3
563,cdn,Cloudflare,131.0.72.0/22,,
564,cdn,Cloudflare,2400:cb00::/32,,
565,cdn,Cloudflare,2606:4700::/32,,
566,cdn,Cloudflare,2803:f800::/32,,
567,cdn,Cloudflare,2405:b500::/32,,
568,cdn,Cloudflare,2405:8100::/32,,
569,cdn,Cloudflare,2a06:98c0::/29,,
570,cdn,Cloudflare,2c0f:f248::/32,,
571,dns,DNSMadeEasy,255.255.255.252,,
572,dns,DNSMadeEasy,255.255.255.248,,
573,dns,DNSMadeEasy,255.255.255.240,,
574,dns,DNSMadeEasy,255.255.255.224,,
575,dns,DNSMadeEasy,255.255.255.192,,
576,dns,DNSMadeEasy,255.255.255.128,,
577,dns,DNSMadeEasy,255.255.255.0,,
578,dns,DNSMadeEasy,255.255.254.0,,
579,dns,DNSMadeEasy,255.255.252.0,,
580,dns,DNSMadeEasy,255.255.248.0,,
581,dns,DNSMadeEasy,255.255.240.0,,
582,dns,DNSMadeEasy,255.255.224.0,,
583,dns,DNSMadeEasy,255.255.192.0,,
584,dns,DNSMadeEasy,255.255.128.0,,
585,dns,DNSMadeEasy,255.255.0.0,,
586,dns,Cisco,208.67.222.222 ,,
587,dns,Cisco,208.67.220.220 ,,
588,dns,Cisco,2620:119:35::35,,
589,dns,Cisco,2620:119:53::53,,
590,dns,Akamai,104.101.221.0/24,US,
591,dns,Akamai,184.51.125.0/24,US,
592,dns,Akamai,184.51.154.0/24,US,
593,dns,Akamai,184.51.157.0/24,US,
594,dns,Akamai,184.51.33.0/24,US,
595,dns,Akamai,2.16.36.0/24,IL,
596,dns,Akamai,2.16.37.0/24,IL,
597,dns,Akamai,2.22.226.0/24,FR,
598,dns,Akamai,2.22.227.0/24,GB,
599,dns,Akamai,2.22.60.0/24,SE,
600,dns,Akamai,2001:4878:101::/48,US,
601,dns,Akamai,2001:4878:102::/48,US,
602,dns,Akamai,2001:4878:103::/48,US,
603,dns,Akamai,2001:4878:10::/48,US,
604,dns,Akamai,2001:4878:136::/48,US,
605,dns,Akamai,2001:4878:1::/48,US,
606,dns,Akamai,2001:4878:151::/48,US,
607,dns,Akamai,2001:4878:153::/48,US,
608,dns,Akamai,2001:4878:158::/48,US,
609,dns,Akamai,2001:4878:1e0::/44,US,
610,dns,Neustar,156.154.70.1,,
611,dns,Neustar,156.154.71.1,,
612,dns,Neustar,2610:a1:1018::1,,
613,dns,Neustar,2610:a1:1019::1,,
614,dns,Neustar,156.154.70.1,,
615,dns,Neustar,156.154.71.1,,
616,dns,Neustar,2610:a1:1018::1,,
617,dns,Neustar,2610:a1:1019::1,,
618,dns,Neustar,156.154.70.5,,
619,dns,Neustar, 156.154.71.5,,
620,dns,Neustar,2610:a1:1018::5,,
621,dns,Neustar,2610:a1:1019::5,,
622,security_vendor,Neustar,156.154.70.2,,
623,security_vendor,Neustar,156.154.71.2,,
624,security_vendor,Neustar,2610:a1:1018::2,,
625,security_vendor,Neustar,2610:a1:1019::2,,
626,security_vendor,Neustar,156.154.70.3,,
627,security_vendor,Neustar,156.154.71.3,,
628,security_vendor,Neustar,2610:a1:1018::3,,
629,security_vendor,Neustar,2610:a1:1019::3,,
630,security_vendor,Neustar,156.154.70.4,,
631,security_vendor,Neustar,156.154.71.4,,
632,security_vendor,Neustar,2610:a1:1018::4,,
633,security_vendor,Neustar,2610:a1:1019::4,,
634,crm,Oracle,203.0.113.254,,
635,crm,Oracle,203.0.113.254,,
636,crm,Oracle,198.51.100.1 - 198.51.100.254,,
637,crm,Oracle,198.51.100.1 - 198.51.100.254,,
638,crm,Oracle,192.0.2.1 - 192.0.2.254,,
639,crm,Oracle,203.0.113.254,,
640,cdn,Fastly,23.235.32.0/20,,3
641,cdn,Fastly,43.249.72.0/22,,3
642,cdn,Fastly,103.244.50.0/24,,
643,cdn,Fastly,103.245.224.0/24,,
644,cdn,Fastly,103.245.222.0/23,,3
645,cdn,Fastly,104.156.80.0/20,,3
646,cdn,Fastly,151.101.0.0/16,,3
647,cdn,Fastly,157.52.64.0/18,,3
648,cdn,Fastly,172.111.64.0/18,,3
649,cdn,Fastly,185.31.16.0/22,,2
650,cdn,Fastly,199.27.72.0/21,,
651,cdn,Fastly,199.232.0.0/16,,
652,cdn,Fastly,2a04:4e40::/32,,
653,cdn,Fastly,2a04:4e42::/32,,
654,hosting,Google,108.170.208.0/21 ,,2
655,hosting,Google,108.170.192.0/20 ,,2
656,hosting,Google,108.59.80.0/20,,3
657,hosting,Google,8.35.200.0/23,,2
658,hosting,Google,8.35.192.0/21,,2
659,hosting,Google,34.208.0/20,,
660,hosting,Google,35.204.0.0/14,,3
661,hosting,Google,35.208.0.0/13,,3
662,hosting,Google,23.251.128.0/19 ,,2
663,hosting,Google,23.236.48.0/20,,2
664,hosting,Google,199.223.236.0/23,,
665,hosting,Google,199.223.232.0/22,,2
666,hosting,Google,199.192.112.0/22 ,,2
667,hosting,Google,192.158.28.0/22,,
668,hosting,Google,173.255.112.0/20,,2
669,hosting,Google,162.222.176.0/21,,
670,hosting,Google,162.216.148.0/22,,2
671,hosting,Google,35.203.128.0/18,,3
672,hosting,Google,35.203.192.0/19,,
673,hosting,Google,35.203.240.0/20 ,,
674,hosting,Google,35.203.0.0/17,,
675,hosting,Google,146.148.64.0/18,,
676,hosting,Google,146.148.32.0/19,,
677,hosting,Google,146.148.16.0/20,,3
678,hosting,Google,146.148.8.0/21,,3
679,hosting,Google,146.148.4.0/22,,
680,hosting,Google,146.148.2.0/23,,2
681,hosting,Google,107.178.192.0/18,,2
682,hosting,Google,107.167.160.0/19 ,,
683,hosting,Google,35.188.0.0/15,,2
684,hosting,Google,35.216.0.0/15 ,,3
685,hosting,Google,35.184.0.0/14,,2
686,hosting,Google,208.68.108.0/23,,2
687,hosting,Google,104.196.0.0/14 ,,
688,hosting,Google,104.154.0.0/15,,2
689,hosting,Google,130.211.128.0/17,,2
690,hosting,Google,130.211.64.0/18,,2
691,hosting,Google,130.211.32.0/19,,2
692,hosting,Google,130.211.16.0/20 ,,2
693,hosting,Google,130.211.8.0/21 ,,2
694,hosting,Google,35.200.0.0/15,,
695,hosting,Google,2600:1900::/35 ,,
696,hosting,Google,35.235.216.0/21 ,,2
697,hosting,Google,35.199.128.0/18,,2
698,hosting,Google,35.199.0.0/17,,2
699,hosting,Google,35.198.0.0/16 ,,2
700,hosting,Google,35.196.0.0/15,,2
701,hosting,Google,35.192.0.0/14,,
702,hosting,Google,35.235.224.0/20 ,,
703,hosting,Google,35.190.192.0/19,,2
704,hosting,Google,35.190.128.0/18,,2
705,hosting,Google,5.190.0.0/17,,
706,email_vendor,GoDaddy,45.40.128.0 - 45.40.191.255,,
707,email_vendor,GoDaddy,173.201.0.0 - 173.201.255.255,,
708,email_vendor,GoDaddy,97.74.0.0 - 97.74.255.255,,
709,email_vendor,GoDaddy,2603:: - 2603:FFF:FFFF:FFFF:FFFF:FFFF:FFFF:FFFF,,
710,email_vendor,GoDaddy,2607:F208:: - 2607:F208:FFFF:FFFF:FFFF:FFFF:FFFF:FFFF,,
711,email_vendor,GoDaddy,160.153.0.0 - 160.153.255.255,,
712,email_vendor,GoDaddy,166.62.0.0 - 166.62.127.255,,
713,email_vendor,GoDaddy,184.168.0.0 - 184.168.255.255,,
714,email_vendor,GoDaddy,192.186.192.0 - 192.186.255.255,,
715,email_vendor,GoDaddy,72.167.0.0 - 72.167.255.255,,
716,email_vendor,GoDaddy,192.169.128.0 - 192.169.255.255,,
717,email_vendor,GoDaddy,198.12.128.0 - 198.12.255.255,,
718,email_vendor,GoDaddy,198.71.128.0 - 198.71.255.255,,
719,email_vendor,GoDaddy,208.109.0.0 - 208.109.255.255,,
720,email_vendor,GoDaddy,216.69.128.0 - 216.69.191.255,,
721,email_vendor,GoDaddy,23.229.128.0 - 23.229.255.255,,
722,email_vendor,GoDaddy,64.202.160.0 - 64.202.191.255,,
723,email_vendor,GoDaddy,68.178.128.0 - 68.178.255.255,,
724,email_vendor,GoDaddy,50.62.0.0 - 50.63.255.255,,
725,email_vendor,GoDaddy,107.180.0.0 - 107.180.127.255,,
726,email_vendor,GoDaddy,104.238.64.0 - 104.238.127.255,,
727,email_vendor,GoDaddy,132.148.0.0 - 132.148.255.255,,
728,email_vendor,GoDaddy,148.72.0.0 - 148.72.255.255,,